ubicacion
"Centro de la ciudad de Mendoza, Mendoza"
Cacheuta
Las Heras
Chacras de Coria
Luján de Cuyo
Las Compuertas
Uspallata
Potrerillos
Valle Grande
Rama Caída
"Rama Caída, San Rafael"
San Rafael
Villa Seca
Los Árboles
Vista Flores
Tupungato
Colonia Las Rosas
La Consulta
Campo Los Andes
Tunuyán
Malargüe
General Alvear
San Martín
Estación Libertador General San Martín
Ingeniero Giagnoni
Rodríguez Peña
Mendoza
Junín
Maipú
Ushuaia
"Peninsula San Pedro, San Carlos de Bariloche"
"Lago Gutiérrez, San Carlos de Bariloche"
"Llao Llao, San Carlos de Bariloche"
"Cerro Catedral, San Carlos de Bariloche"
San Carlos de Bariloche
"Barrio Las Balsas, Villa La Angostura"
"Puerto Manzano, Villa La Angostura"
Villa La Angostura
"Playa Grande, Mar del Plata"
"Bosque Peralta Ramos, Mar del Plata"
"La Perla, Mar del Plata"
"Los Acantilados, Mar del Plata"
"Constitución, Mar del Plata"
Mar del Plata
Villa Gesell
Viña del Mar
"Reñaca, Viña del Mar"
"Chihuahua, Punta del Este"
"Laguna del Sauce, Punta del Este"
"Manantiales, Punta del Este"
"Península, Punta del Este"
"Aidy Grill, Punta del Este"
"La Barra, Punta del Este"
"San Rafael, Punta del Este"
"Rincón del Indio, Punta del Este"
"Pinares, Punta del Este"
"Punta Ballena, Punta del Este"
Punta del Este
Santa Catalina
Las Perdices
Panaholma
Villa del Totoral
Villa Berna
Las Calles
Villa Allende
Villa Cerro Azul
Las Tapias
Marcos Juárez
Oncativo
Alpa Corral
San Roque
Casa Grande
Luyaba
Río Ceballos
José de la Quintana
La Población
Yacanto
Miramar
Cruz del Eje
El Manzano
La Calera
Río Cuarto
El Durazno
Almafuerte
La Estancia
Villa Rumipal
San Francisco
Villa Icho Cruz
La Granja
Villa Dolores
San Javier
Leones
Villa de las Rosas
Colonia Caroya
Villa Serranita
Oliva
Santa María
Bell Ville
Potrero de Garay
Molinari
Villa Giardino
Los Reartes
La Rancherita
Los Hornillos
San Antonio de Arredondo
Nono
Unquillo
Villa La Bolsa
Capilla del Monte
La Falda
Villa Cura Brochero
Jesús María
Charbonier
Villa María
Sinsacate
Río Tercero
Santa Rosa de Calamuchita
Villa Ciudad de América
Las Rabonas
Villa Santa Cruz del Lago
Villa General Belgrano
Tanti
Bialet Massé
Salsipuedes
Villa Ciudad Parque
Villa Anisacate
Arroyo de Los Patos
Deán Funes
Villa Yacanto
San Ignacio
Valle Hermoso
Cavalango
Cosquín
Embalse
Mina Clavero
San Marcos Sierras
Villa del Dique
Villa Parque Síquiman
La Cumbre
"Nueva Córdoba, Córdoba"
Amboy
Alta Gracia
Huerta Grande
Los Cocos
Córdoba
La Cumbrecita
Villa Carlos Paz
Renca
El Volcán
La Carolina
Luján
Hipólito Yrigoyen
San Francisco del Monte de Oro
Villa de la Quebrada
Quines
San Gerónimo
Pantanillo
Juana Koslay
Carpintería
San Luis
Potrero de los Funes
Los Molles
Villa Mercedes
La Punta
Cerro de Oro
Merlo
El Trapiche
El Rincón
Las Flores
Barreal
San José de Jáchal
Trinidad
Rodeo
Pocito
Villa Krause
Zonda
San Agustín de Valle Fértil
Santa Lucía
Albardón
San Juan
Rivadavia
Calingasta
Seclantás
El Encón
San Antonio de los Cobres
Molinos
Iruya
San Ramón de la Nueva Orán
General Alvarado
La Silleta
Tartagal
Vaqueros
Rosario de la Frontera
Cachi
Coronel Moldes
San Carlos
San Lorenzo
Cafayate
Cerrillos
Salta
"Selva Iryapú, Puerto Iguazú"
Puerto Iguazú
"Flores, Buenos Aires"
"Colegiales, Buenos Aires"
"Núñez, Buenos Aires"
"Puerto Madero, Buenos Aires"
"Belgrano, Buenos Aires"
"La Boca, Buenos Aires"
"San Telmo, Buenos Aires"
"Retiro, Buenos Aires"
"Microcentro de Buenos Aires, Buenos Aires"
"Villa Crespo, Buenos Aires"
"Centro de Buenos Aires, Buenos Aires"
Buenos Aires
"Almagro, Buenos Aires"
"Balvanera, Buenos Aires"
"Recoleta, Buenos Aires"
"Montserrat, Buenos Aires"
"Palermo, Buenos Aires"
Colonia Ayui
Crespo
Rosario del Tala
María Grande
Villaguay
Libertador San Martín
Chajarí
La Paz
Victoria
Gualeguay
Strobel
Santa Ana
Villa Zorraquín
Oro Verde
Las Guachas
Federación
Paraná
Villa Elisa
Concordia
Nuevo Pueblo Belgrano
Colón
San José
Concepción del Uruguay
Gualeguaychú
Balneário Camboriú
Termas de Río Hondo
